id,line,bus_from,bus_to,rating_MVA,angle_max_deg,angle_min_deg,bus_id_from,bus_id_to,scenario,timepoint,bus_from_angle,bus_to_angle,pflow_MW,fict_loss_MW
1,1,1,2,400.0,360.0,-360.0,1,2,sc1,1,0.0,-4.060677406717805,-249.71703114256226,175.2276537558617
2,2,1,4,0.0,360.0,-360.0,1,4,sc1,1,0.0,-3.2859979327607998,-186.78831142653462,106.06521478815131
3,3,1,5,0.0,360.0,-360.0,1,5,sc1,1,0.0,0.8388856284559543,226.50551151327716,32.83503791737045
4,4,2,3,0.0,360.0,-360.0,2,3,sc1,1,-4.060677406717805,-3.74641778964883,50.28295768161152,2.7306458998675938
5,5,3,4,0.0,360.0,-360.0,3,4,sc1,1,-3.74641778964883,-3.2859979327607998,26.7888203628937,2.1313934624131026
6,6,4,5,240.0,360.0,-360.0,4,5,sc1,1,-3.2859979327607998,0.8388856284559543,239.99999801520627,171.07199717047806
