id,name,from_bus,to_bus,rate_MW,angmin_deg,angmax_deg,from_bus_id,to_bus_id,sc_name,tp_name,from_bus_angle,to_bus_angle,pflow_MW,fict_loss_MW
1,1,1,2,400.0,-360.0,360.0,1,2,sc1,1,3.285999291952588,-0.7746737876798938,-249.71676504240406,175.22728030851349
2,2,1,4,0.0,-360.0,360.0,1,4,sc1,1,3.285999291952588,0.0,-186.78838868803763,106.06530253196722
3,3,1,5,0.0,-360.0,360.0,1,5,sc1,1,3.285999291952588,4.124883595329483,226.50515373183464,32.834934186932514
4,4,2,3,0.0,-360.0,360.0,2,3,sc1,1,-0.7746737876798938,-0.46041243768497814,50.283234957586565,2.7306760152238443
5,5,3,4,0.0,-360.0,360.0,3,4,sc1,1,-0.46041243768497814,0.0,26.78838868798909,2.131324772441382
6,6,4,5,240.0,-360.0,360.0,4,5,sc1,1,0.0,4.124883595329483,240.0000000000029,171.07200000000415
