generator,scenario,timepoint,DispatchGen_MW
1,sc1,1,39.99993290015602
2,sc1,1,169.9998902385797
3,sc1,1,323.49411405000967
4,sc1,1,0.00048645674806446353
5,sc1,1,466.5055153699353
