gen_name,sc_name,tp_name,DispatchGen_MW
1,sc1,1,39.99999999926869
2,sc1,1,169.99999999926197
3,sc1,1,323.494846269544
4,sc1,1,-3.219249093590941e-10
5,sc1,1,466.5051537318965
