es_name,sc_name,tp_name,SOC_MWh
1,sc1,1,3.462528416014459
1,sc1,2,0.0
1,sc1,3,2.631685610542961
