es_name,sc_name,PowerCap_MW,EnergyCap_MWh
1,sc1,3.358652563801617,13.434610255206469
