es_name,sc_name,tp_name,Charge_MW,Discharge_MW
1,sc1,1,0.8565389749379559,0.0
1,sc1,2,0.0,3.358652563789998
1,sc1,3,2.713077949446255,0.0
