id,name,from_bus,to_bus,rate,sc_name,tp_name,from_bus_angle,to_bus_angle,pflow_MW,fict_loss_MW
1,1,1,2,1000.0,sc1,1,0.0,-0.00021413474433623625,-0.8565389773449449,0.0
1,1,1,2,1000.0,sc1,2,0.0,-0.0001603368597289656,-0.6413474389158623,0.0
1,1,1,2,1000.0,sc1,3,0.0,-0.000678269487923544,-2.7130779516941756,0.0
