gen_id,sc_id,tp_id,DispatchGen_MW
sun_lim,low,1,0.25675675675675674
winds,low,1,5.74324324324324
sun_lim,high,1,1.499999999999998
winds,high,1,2.500000000000005
sun_lim,low,2,0.5135135135135135
winds,low,2,5.486486486486487
sun_lim,high,2,2.999999999999996
winds,high,2,1.000000000000002
sun_lim,low,3,7.702702702702702
winds,low,3,2.297297297297296
sun_lim,high,3,7.999999999999998
winds,high,3,0.0
