gen_id,sc_id,tp_id,DispatchGen_MW
sun_lim,low,1,0.33333333333333337
winds,low,1,5.66666666666667
sun_lim,high,1,1.4999999999999996
winds,high,1,2.5
sun_lim,low,2,0.6666666666666667
winds,low,2,5.333333333333333
sun_lim,high,2,2.999999999999999
winds,high,2,1.0
sun_lim,low,3,10.0
winds,low,3,0.0
sun_lim,high,3,7.999999999999999
winds,high,3,0.0
