gen_id,sc_id,GenCapacity
sun_lim,low,2.5675675675675675
winds,low,11.48648648648648
sun_lim,high,14.999999999999977
winds,high,5.000000000000011
