gen_name,sc_name,tp_name,DispatchGen_MW
1,sc1,1,1.8565389745375478
1,sc1,2,4.641347436069914
1,sc1,3,3.7130779488776713
