id,name,from_bus,to_bus,cap_existing_power_MW,cost_fixed_power_USDperkW,angle_max_deg,angle_min_deg,expand_capacity,bus_id_from,bus_id_to,scenario,timepoint,bus_from_angle,bus_to_angle,pflow_MW,fict_loss_MW
1,1,1,2,400.0,0.0,360.0,-360.0,false,1,2,sc1,1,0.0,-4.0606730960948605,249.71676605478103,175.22728172929166
2,2,1,4,0.0,0.0,360.0,-360.0,false,1,4,sc1,1,0.0,-3.285999288558025,186.78838849507807,106.06530231282817
3,3,1,5,0.0,0.0,360.0,-360.0,false,1,5,sc1,1,0.0,0.838884306704556,-226.50515463032863,32.834934447429816
4,4,2,3,0.0,0.0,360.0,-360.0,false,2,3,sc1,1,-4.0606730960948605,-3.746411752427064,-50.28323394521891,2.7306759052687846
5,5,3,4,0.0,0.0,360.0,-360.0,false,3,4,sc1,1,-3.746411752427064,-3.285999288558025,-26.788390211468347,2.1313250148620226
6,6,4,5,240.0,0.0,360.0,-360.0,false,4,5,sc1,1,-3.285999288558025,0.838884306704556,-239.99999999611032,171.07199999445487
