bus,scenario,timepoint,load_shedding_MW
1,sc1,1,17.74546329461215
2,sc1,1,14.44578185102269
3,sc1,1,0.0
4,sc1,1,17.808754902421107
5,sc1,1,0.0
