generator,scenario,timepoint,DispatchGen_MW
1,sc1,1,39.9999999800216
2,sc1,1,169.99999995314093
3,sc1,1,323.4948437337505
4,sc1,1,1.7202803394801286e-6
5,sc1,1,466.505154626439
