generator,scenario,timepoint,DispatchGen_MW
1,sc1,1,39.999999996207066
2,sc1,1,169.99999998918867
3,sc1,1,300.0
4,sc1,1,199.99999999506926
5,sc1,1,239.99999998763454
